{
  "openapi": "3.0.2",
  "info": {
    "title": "Group 3 Project 2",
    "version": "1.0",
    "description": "Backend Final Project"
  },

  "servers": [
    { "url": "http://localhost:3000/" },
    { "url": "http://project2.otixx.online/" }
  ],
  "paths": {
    "/login": {
      "post": {
        "description": "Login as user. Input username can be filled by username or email.",
        "parameters": [],
        "tags": ["Login"],
        "requestBody": {
          "required": true,
          "content": {
            "application/json": {
              "schema": {
                "type": "object",
                "required": ["email", "password"],
                "properties": {
                  "email": {
                    "description": "input email",
                    "type": "string"
                  },
                  "password": {
                    "type": "string"
                  }
                }
              }
            }
          }
        },
        "responses": {
          "200": {
            "description": "OK",
            "content": {
              "application/json": {
                "schema": {
                  "type": "object",
                  "properties": {
                    "meta": {
                      "type": "object",
                      "properties": {
                        "status": {
                          "type": "number",
                          "example": 200
                        },
                        "message": {
                          "type": "string",
                          "example": "Success Login"
                        }
                      }
                    },
                    "data": {
                      "type": "object",
                      "properties": {
                        "token": {
                          "type": "string",
                          "example": "eyJhbGciOiJIUzI1NiIsInR5cCI6IkpXVCJ9.eyJzdWIiOiIxMjM0NTY3ODkwIiwibmFtZSI6IkpvaG4gRG9lIiwiaWF0IjoxNTE2MjM5MDIyfQ.SflKxwRJSMeKKF2QT4fwpMeJf36POk6yJV_adQssw5c"
                        }
                      }
                    }
                  }
                }
              }
            }
          },
          "400": {
            "description": "Did not inserted the required fields",
            "content": {
              "application/json": {
                "schema": {
                  "type": "object",
                  "properties": {
                    "meta": {
                      "type": "object",
                      "properties": {
                        "status": {
                          "type": "number",
                          "example": 400
                        },
                        "message": {
                          "type": "string",
                          "example": "Username Not Found"
                        }
                      }
                    },
                    "data": {
                      "type": "object",
                      "properties": {
                        "token": {
                          "type": "string",
                          "example": ""
                        }
                      }
                    }
                  }
                }
              }
            }
          },
          "500": {
            "description": "Error server",
            "content": {
              "application/json": {
                "schema": {
                  "type": "object",
                  "properties": {
                    "meta": {
                      "type": "object",
                      "properties": {
                        "status": {
                          "type": "number",
                          "example": 500
                        },
                        "message": {
                          "type": "string",
                          "example": ""
                        }
                      }
                    },
                    "data": {
                      "type": "object",
                      "properties": {
                        "token": {
                          "type": "string",
                          "example": ""
                        }
                      }
                    }
                  }
                }
              }
            }
          }
        }
      }
    },
    "/user": {
      "get": {
        "description": "Get All user.",
        "tags": ["User"],
        "security": [{ "bearerAuth": [] }],
        "responses": {
          "200": {
            "description": "OK",
            "content": {
              "application/json": {
                "schema": {
                  "type": "object",
                  "properties": {
                    "meta": {
                      "type": "object",
                      "properties": {
                        "status": {
                          "type": "number",
                          "example": 200
                        },
                        "message": {
                          "type": "string",
                          "example": "Success"
                        }
                      }
                    },
                    "data": {
                      "type": "object",
                      "properties": {
                        "username": {
                          "type": "string",
                          "example": "rajih"
                        },
                        "alamat": {
                          "type": "string",
                          "example": "jl.turu perum sekte sesat"
                        },
                        "nohp": {
                          "type": "string",
                          "example": "08222294472226"
                        }
                      }
                    }
                  }
                }
              }
            }
          },
          "404": {
            "description": "Server error.",
            "content": {
              "application/json": {
                "schema": {
                  "type": "object",
                  "properties": {
                    "meta": {
                      "type": "object",
                      "properties": {
                        "status": {
                          "type": "number",
                          "example": 404
                        },
                        "message": {
                          "type": "string",
                          "example": "User NotFound"
                        }
                      }
                    },
                    "data": {
                      "type": "object"
                    }
                  }
                }
              }
            }
          },
          "500": {
            "description": "Unauthorized. Cannot delete the comment.",
            "content": {
              "application/json": {
                "schema": {
                  "type": "object",
                  "properties": {
                    "meta": {
                      "type": "object",
                      "properties": {
                        "status": {
                          "type": "number",
                          "example": 500
                        },
                        "message": {
                          "type": "string",
                          "example": "Server Error"
                        }
                      }
                    },
                    "data": {
                      "type": "object"
                    }
                  }
                }
              }
            }
          }
        }
      },
      "post": {
        "description": "Tambah User",
        "tags": ["User"],
        "security": [{ "bearerAuth": [] }],
        "requestBody": {
          "required": true,
          "content": {
            "application/json": {
              "schema": {
                "type": "object",
                "required": [
                  "nama_lengkap",
                  "surel",
                  "no_hp",
                  "jabatan",
                  "devisiId",
                  "roleId",
                  "status"
                ],
                "properties": {
                  "nama_lengkap": {
                    "type": "string"
                  },
                  "surel": {
                    "type": "string"
                  },
                  "no_hp": {
                    "type": "string"
                  },
                  "jabatan": {
                    "type": "string"
                  },
                  "devisiId": {
                    "type": "string",
                    "description": "jika tidak di isi maka menjadi tidak ada devisi seperti c-level atau hr"
                  },
                  "roleId": {
                    "type": "string"
                  },
                  "status": {
                    "type": "boolean",
                    "description": "jika tidak maka secara otomatis terisi true"
                  }
                }
              }
            }
          }
        },
        "responses": {
          "200": {
            "description": "OK",
            "content": {
              "application/json": {
                "schema": {
                  "type": "object",
                  "properties": {
                    "meta": {
                      "type": "object",
                      "properties": {
                        "status": {
                          "type": "number",
                          "example": 200
                        },
                        "message": {
                          "type": "string",
                          "example": "Berhasil Tambah Karyawan"
                        }
                      }
                    }
                  }
                }
              }
            }
          },
          "400": {
            "description": "Error brand not found or didn't inserted the required fields",
            "content": {
              "application/json": {
                "schema": {
                  "type": "object",
                  "properties": {
                    "status": {
                      "type": "number",
                      "example": 400
                    },
                    "message": {
                      "type": "string",
                      "example": "Email Telah Digunakan"
                    }
                  }
                }
              }
            }
          },
          "500": {
            "description": "Server error.",
            "content": {
              "application/json": {
                "schema": {
                  "type": "object",
                  "properties": {
                    "status": {
                      "type": "number",
                      "example": 500
                    },
                    "message": {
                      "type": "string",
                      "example": "Server Error"
                    }
                  }
                }
              }
            }
          }
        }
      }
    },
    "/user/{id}": {
      "get": {
        "description": "Get user by params use golang",
        "parameters": [
          {
            "name": "id",
            "in": "path",
            "description": "input id User",
            "required": true,
            "schema": {
              "type": "string"
            }
          }
        ],
        "tags": ["Golang"],
        "security": [{ "bearerAuth": [] }],
        "responses": {
          "200": {
            "description": "OK",
            "content": {
              "application/json": {
                "schema": {
                  "type": "object",
                  "properties": {
                    "meta": {
                      "type": "object",
                      "properties": {
                        "status": {
                          "type": "number",
                          "example": 200
                        },
                        "message": {
                          "type": "string",
                          "example": "Success"
                        }
                      }
                    },
                    "data": {
                      "type": "object",
                      "properties": {
                        "username": {
                          "type": "string",
                          "example": "rajih"
                        },
                        "alamat": {
                          "type": "string",
                          "example": "jl.turu perum sekte sesat"
                        },
                        "nohp": {
                          "type": "string",
                          "example": "08222294472226"
                        }
                      }
                    }
                  }
                }
              }
            }
          },
          "404": {
            "description": "Server error.",
            "content": {
              "application/json": {
                "schema": {
                  "type": "object",
                  "properties": {
                    "meta": {
                      "type": "object",
                      "properties": {
                        "status": {
                          "type": "number",
                          "example": 404
                        },
                        "message": {
                          "type": "string",
                          "example": "User NotFound"
                        }
                      }
                    },
                    "data": {
                      "type": "object"
                    }
                  }
                }
              }
            }
          },
          "500": {
            "description": "Unauthorized. Cannot delete the comment.",
            "content": {
              "application/json": {
                "schema": {
                  "type": "object",
                  "properties": {
                    "meta": {
                      "type": "object",
                      "properties": {
                        "status": {
                          "type": "number",
                          "example": 500
                        },
                        "message": {
                          "type": "string",
                          "example": "Server Error"
                        }
                      }
                    },
                    "data": {
                      "type": "object"
                    }
                  }
                }
              }
            }
          }
        }
      }
    },
    "/password": {
      "put": {
        "description": "Update user's password.",
        "tags": ["Authentications"],
        "security": [{ "bearerAuth": [] }],
        "parameters": [],
        "requestBody": {
          "required": true,
          "content": {
            "application/json": {
              "schema": {
                "type": "object",
                "required": ["newPassword", "confPassword"],
                "properties": {
                  "newPassword": {
                    "type": "string"
                  },
                  "confPassword": {
                    "type": "string"
                  }
                }
              }
            }
          }
        },
        "responses": {
          "200": {
            "description": "Success update password",
            "content": {
              "application/json": {
                "schema": {
                  "type": "object",
                  "properties": {
                    "meta": {
                      "type": "object",
                      "properties": {
                        "status": {
                          "type": "number",
                          "example": 200
                        },
                        "message": {
                          "type": "string",
                          "example": "Success Change Password"
                        }
                      }
                    }
                  }
                }
              }
            }
          },
          "400": {
            "description": "Password didn't match or didn't inserted the required fields",
            "content": {
              "application/json": {
                "schema": {
                  "type": "object",
                  "properties": {
                    "meta": {
                      "type": "object",
                      "properties": {
                        "status": {
                          "type": "number",
                          "example": 400
                        },
                        "message": {
                          "type": "string",
                          "example": "Password Not Match"
                        }
                      }
                    }
                  }
                }
              }
            }
          },
          "500": {
            "description": "Error server",
            "content": {
              "application/json": {
                "schema": {
                  "type": "object",
                  "properties": {
                    "meta": {
                      "type": "object",
                      "properties": {
                        "status": {
                          "type": "number",
                          "example": 500
                        },
                        "message": {
                          "type": "string",
                          "example": ""
                        }
                      }
                    }
                  }
                }
              }
            }
          }
        }
      }
    },
    "/profile": {
      "get": {
        "description": "Get profile user.",
        "tags": ["Profile"],
        "security": [{ "bearerAuth": [] }],
        "responses": {
          "200": {
            "description": "OK",
            "content": {
              "application/json": {
                "schema": {
                  "type": "object",
                  "properties": {
                    "meta": {
                      "type": "object",
                      "properties": {
                        "status": {
                          "type": "number",
                          "example": 200
                        },
                        "message": {
                          "type": "string",
                          "example": "Success"
                        }
                      }
                    },
                    "data": {
                      "type": "object",
                      "properties": {
                        "username": {
                          "type": "string",
                          "example": "rajih"
                        },
                        "alamat": {
                          "type": "string",
                          "example": "jl.turu perum sekte sesat"
                        },
                        "nohp": {
                          "type": "string",
                          "example": "08222294472226"
                        }
                      }
                    }
                  }
                }
              }
            }
          },
          "404": {
            "description": "Server error.",
            "content": {
              "application/json": {
                "schema": {
                  "type": "object",
                  "properties": {
                    "meta": {
                      "type": "object",
                      "properties": {
                        "status": {
                          "type": "number",
                          "example": 404
                        },
                        "message": {
                          "type": "string",
                          "example": "User NotFound"
                        }
                      }
                    },
                    "data": {
                      "type": "object"
                    }
                  }
                }
              }
            }
          },
          "500": {
            "description": "Unauthorized. Cannot delete the comment.",
            "content": {
              "application/json": {
                "schema": {
                  "type": "object",
                  "properties": {
                    "meta": {
                      "type": "object",
                      "properties": {
                        "status": {
                          "type": "number",
                          "example": 500
                        },
                        "message": {
                          "type": "string",
                          "example": "Server Error"
                        }
                      }
                    },
                    "data": {
                      "type": "object"
                    }
                  }
                }
              }
            }
          }
        }
      },
      "put": {
        "description": "Update profile.",
        "tags": ["Profile"],
        "security": [{ "bearerAuth": [] }],
        "requestBody": {
          "required": true,
          "content": {
            "application/json": {
              "schema": {
                "type": "object",
                "required": ["name"],
                "properties": {
                  "username": {
                    "type": "string"
                  },
                  "alamat": {
                    "type": "string"
                  },
                  "nohp": {
                    "type": "string"
                  }
                }
              }
            }
          }
        },
        "responses": {
          "200": {
            "description": "OK",
            "content": {
              "application/json": {
                "schema": {
                  "type": "object",
                  "properties": {
                    "meta": {
                      "type": "object",
                      "properties": {
                        "status": {
                          "type": "number",
                          "example": 200
                        },
                        "message": {
                          "type": "string",
                          "example": "Success Update Profile"
                        }
                      }
                    }
                  }
                }
              }
            }
          },
          "400": {
            "description": "Error brand not found or didn't inserted the required fields",
            "content": {
              "application/json": {
                "schema": {
                  "type": "object",
                  "properties": {
                    "status": {
                      "type": "number",
                      "example": 400
                    },
                    "message": {
                      "type": "string",
                      "example": "Username ready"
                    }
                  }
                }
              }
            }
          },
          "500": {
            "description": "Server error.",
            "content": {
              "application/json": {
                "schema": {
                  "type": "object",
                  "properties": {
                    "status": {
                      "type": "number",
                      "example": 500
                    },
                    "message": {
                      "type": "string",
                      "example": "Server Error"
                    }
                  }
                }
              }
            }
          }
        }
      }
    },
    "/user/role": {
      "put": {
        "description": "Edit Role User",
        "tags": ["Role"],
        "security": [{ "bearerAuth": [] }],
        "requestBody": {
          "required": true,
          "content": {
            "application/json": {
              "schema": {
                "type": "object",
                "properties": {
                  "roleId": {
                    "type": "string"
                  },
                  "jabatan": {
                    "type": "string"
                  }
                }
              }
            }
          }
        },
        "parameters": [
          {
            "name": "idUser",
            "in": "query",
            "description": "Masukkan Id User yang ingin di rubah rolenya",
            "required": true,
            "schema": {
              "type": "string"
            }
          }
        ],
        "responses": {
          "200": {
            "description": "OK",
            "content": {
              "application/json": {
                "schema": {
                  "type": "object",
                  "properties": {
                    "meta": {
                      "type": "object",
                      "properties": {
                        "status": {
                          "type": "number",
                          "example": 200
                        },
                        "message": {
                          "type": "string",
                          "example": "Success Update Docs User"
                        }
                      }
                    }
                  }
                }
              }
            }
          },
          "400": {
            "description": "Error please input file format .jpg,.png",
            "content": {
              "application/json": {
                "schema": {
                  "type": "object",
                  "properties": {
                    "status": {
                      "type": "number",
                      "example": 400
                    },
                    "message": {
                      "type": "string",
                      "example": "Please input file format .jpg, .png"
                    }
                  }
                }
              }
            }
          },
          "500": {
            "description": "Server error.",
            "content": {
              "application/json": {
                "schema": {
                  "type": "object",
                  "properties": {
                    "status": {
                      "type": "number",
                      "example": 500
                    },
                    "message": {
                      "type": "string",
                      "example": "Server Error"
                    }
                  }
                }
              }
            }
          }
        }
      }
    },
    "/role": {
      "get": {
        "description": "Get all role",
        "tags": ["Role"],
        "responses": {
          "200": {
            "description": "OK",
            "content": {
              "application/json": {
                "schema": {
                  "type": "object",
                  "properties": {
                    "meta": {
                      "type": "object",
                      "properties": {
                        "status": {
                          "type": "number",
                          "example": 200
                        },
                        "message": {
                          "type": "string",
                          "example": "Success"
                        }
                      }
                    },
                    "data": {
                      "type": "object",
                      "properties": {
                        "nama": {
                          "type": "string",
                          "example": "admin"
                        },
                        "description": {
                          "type": "string",
                          "example": "ini adalah role admin"
                        }
                      }
                    }
                  }
                }
              }
            }
          },
          "404": {
            "description": "Server error.",
            "content": {
              "application/json": {
                "schema": {
                  "type": "object",
                  "properties": {
                    "meta": {
                      "type": "object",
                      "properties": {
                        "status": {
                          "type": "number",
                          "example": 404
                        },
                        "message": {
                          "type": "string",
                          "example": "Tidak ada data Role"
                        }
                      }
                    },
                    "data": {
                      "type": "object"
                    }
                  }
                }
              }
            }
          },
          "500": {
            "description": "Unauthorized. Cannot delete the comment.",
            "content": {
              "application/json": {
                "schema": {
                  "type": "object",
                  "properties": {
                    "meta": {
                      "type": "object",
                      "properties": {
                        "status": {
                          "type": "number",
                          "example": 500
                        },
                        "message": {
                          "type": "string",
                          "example": "Server Error"
                        }
                      }
                    },
                    "data": {
                      "type": "object"
                    }
                  }
                }
              }
            }
          }
        }
      }
    },
    "/devisi": {
      "get": {
        "description": "Get all devisi",
        "tags": ["Devisi"],
        "responses": {
          "200": {
            "description": "OK",
            "content": {
              "application/json": {
                "schema": {
                  "type": "object",
                  "properties": {
                    "meta": {
                      "type": "object",
                      "properties": {
                        "status": {
                          "type": "number",
                          "example": 200
                        },
                        "message": {
                          "type": "string",
                          "example": "Success"
                        }
                      }
                    },
                    "data": {
                      "type": "object",
                      "properties": {
                        "nama": {
                          "type": "string",
                          "example": "pemasaran"
                        }
                      }
                    }
                  }
                }
              }
            }
          },
          "404": {
            "description": "Server error.",
            "content": {
              "application/json": {
                "schema": {
                  "type": "object",
                  "properties": {
                    "meta": {
                      "type": "object",
                      "properties": {
                        "status": {
                          "type": "number",
                          "example": 404
                        },
                        "message": {
                          "type": "string",
                          "example": "Tidak ada data Devisi"
                        }
                      }
                    },
                    "data": {
                      "type": "object"
                    }
                  }
                }
              }
            }
          },
          "500": {
            "description": "Unauthorized. Cannot delete the comment.",
            "content": {
              "application/json": {
                "schema": {
                  "type": "object",
                  "properties": {
                    "meta": {
                      "type": "object",
                      "properties": {
                        "status": {
                          "type": "number",
                          "example": 500
                        },
                        "message": {
                          "type": "string",
                          "example": "Server Error"
                        }
                      }
                    },
                    "data": {
                      "type": "object"
                    }
                  }
                }
              }
            }
          }
        }
      }
    }
  },
  "components": {
    "securitySchemes": {
      "bearerAuth": {
        "type": "http",
        "scheme": "bearer",
        "bearerFormat": "JWT"
      }
    }
  }
}
